id,create_date,update_date,toptier_flag,office_agency_id,subtier_agency_id,toptier_agency_id
2,1517428374.16935,1520545204.32352,0,,2,1
33,1517428374.58814,1520545204.83326,0,,33,8
34,1517428374.60036,1520545204.84655,0,,34,8
35,1517428374.61247,1520545204.85596,0,,35,8
36,1517428374.62451,1520545204.86539,0,,36,8
37,1517428374.63661,1520545204.87466,0,,37,8
38,1517428374.64873,1520545204.88408,0,,38,8
39,1517428374.66109,1520545204.89355,0,,39,8
40,1517428374.6732,1520545204.90295,0,,40,8
41,1517428374.68523,1520545204.91235,0,,41,8
42,1517428374.69788,1520545204.9217,0,,42,8
43,1517428374.71008,1520545204.93126,0,,43,8
44,1517428374.72259,1520545204.94055,0,,44,8
45,1517428374.73468,1520545204.9499,0,,45,8
46,1517428374.74676,1520545204.95931,0,,46,8
47,1517428374.75882,1520545204.96874,0,,47,8
48,1517428374.77631,1520545204.98197,1,,48,9
49,1517428374.78849,1520545204.99155,0,,49,9
50,1517428374.80067,1520545205.00607,0,,50,9
51,1517428374.81276,1520545205.01716,0,,51,9
52,1517428374.82482,1520545205.02796,0,,52,9
53,1517428374.83695,1520545205.03886,0,,53,9
54,1517428374.8573,1520545205.04869,0,,54,9
55,1517428374.86962,1520545205.05945,0,,55,9
56,1517428374.88175,1520545205.07024,0,,56,9
57,1517428374.89813,1520545205.08052,0,,57,9
58,1517428374.9103,1520545205.17417,0,,58,9
59,1517428374.92243,1520545205.18346,0,,59,9
60,1517428374.93447,1520545205.1928,0,,60,9
61,1517428374.94681,1520545205.2028,0,,61,9
62,1517428374.95892,1520545205.21213,0,,62,9
63,1517428374.97119,1520545205.22217,0,,63,9
64,1517428374.9834,1520545205.23154,0,,64,9
65,1517428374.99545,1520545205.24105,0,,65,9
66,1517428375.00789,1520545205.25052,0,,66,9
67,1517428375.03031,1520545205.29378,1,,67,10
68,1517428375.05013,1520545205.3994,1,,68,11
69,1517428375.06235,1520545205.40975,0,,69,9
70,1517428375.07483,1520545205.42067,0,,70,9
71,1517428375.08699,1520545205.43119,0,,71,9
73,1517428375.11125,1520545205.44073,0,,73,9
74,1517428375.12343,1520545205.45036,0,,74,9
75,1517428375.13563,1520545205.4597,0,,75,9
76,1517428375.14811,1520545205.46991,0,,76,9
77,1517428375.16022,1520545205.47937,0,,77,9
78,1517428375.1726,1520545205.48882,0,,78,9
79,1517428375.18475,1520545205.49955,0,,79,9
80,1517428375.19695,1520545205.50954,0,,80,9
81,1517428375.20938,1520545205.51889,0,,81,9
82,1517428375.22169,1520545205.52823,0,,82,9
83,1517428375.23386,1520545205.53759,0,,83,9
84,1517428375.24608,1520545205.54724,0,,84,9
85,1517428375.25817,1520545205.55695,0,,85,9
86,1517428375.27024,1520545205.56643,0,,86,9
87,1517428375.28265,1520545205.57596,0,,87,9
88,1517428375.29485,1520545205.58573,0,,88,9
89,1517428375.31236,1520545205.59966,1,,89,12
90,1517428375.32995,1520545205.61684,1,,90,13
91,1517428375.3421,1520545205.62639,0,,91,9
92,1517428375.35425,1520545205.63612,0,,92,9
93,1517428375.36631,1520545205.64551,0,,93,9
94,1517428375.37851,1520545205.65502,0,,94,9
95,1517428375.39604,1520545205.66862,1,,95,14
96,1517428375.40832,1520545205.67803,0,,96,14
97,1517428375.42047,1520545205.68772,0,,97,14
98,1517428375.43262,1520545205.69695,0,,98,14
99,1517428375.44472,1520545205.70618,0,,99,14
100,1517428375.4569,1520545205.7157,0,,100,14
101,1517428375.46939,1520545205.72501,0,,101,14
102,1517428375.48146,1520545205.73433,0,,102,14
103,1517428375.4936,1520545205.74343,0,,103,14
104,1517428375.50586,1520545205.75259,0,,104,14
105,1517428375.51812,1520545205.76266,0,,105,14
106,1517428375.53036,1520545205.77219,0,,106,14
107,1517428375.54287,1520545205.78185,0,,107,14
108,1517428375.5551,1520545205.85838,0,,108,14
109,1517428375.56728,1520545205.86838,0,,109,14
110,1517428375.57945,1520545205.87825,0,,110,14
111,1517428375.59167,1520545205.88847,0,,111,14
112,1517428375.60413,1520545205.8982,0,,112,14
113,1517428375.61651,1520545205.90833,0,,113,14
114,1517428375.62898,1520545205.91801,0,,114,14
115,1517428375.64108,1520545205.92783,0,,115,14
116,1517428375.65319,1520545205.93743,0,,116,14
117,1517428375.6655,1520545205.94688,0,,117,14
118,1517428375.67752,1520545205.95694,0,,118,14
119,1517428375.68951,1520545205.96753,0,,119,14
120,1517428375.70176,1520545205.9774,0,,120,14
121,1517428375.7139,1520545205.98664,0,,121,14
122,1517428375.72609,1520545205.99601,0,,122,14
123,1517428375.73817,1520545206.00663,0,,123,14
124,1517428375.75021,1520545206.01604,0,,124,14
125,1517428375.76228,1520545206.02553,0,,125,14
126,1517428375.77463,1520545206.03504,0,,126,14
127,1517428375.78661,1520545206.04461,0,,127,14
128,1517428375.79885,1520545206.05448,0,,128,14
129,1517428375.81095,1520545206.06472,0,,129,14
130,1517428375.82311,1520545206.07467,0,,130,14
131,1517428375.83528,1520545206.08404,0,,131,14
132,1517428375.84738,1520545206.09344,0,,132,14
133,1517428375.85953,1520545206.10313,0,,133,14
134,1517428375.87192,1520545206.11252,0,,134,14
135,1517428375.88403,1520545206.12196,0,,135,14
136,1517428375.89634,1520545206.13178,0,,136,14
137,1517428375.90831,1520545206.14124,0,,137,14
138,1517428375.92039,1520545206.15104,0,,138,14
139,1517428375.9325,1520545206.16063,0,,139,14
140,1517428375.94511,1520545206.17111,0,,140,14
141,1517428375.95718,1520545206.1815,0,,141,14
142,1517428375.96913,1520545206.19118,0,,142,14
3,1517428374.1815,1520545204.33272,0,,3,1
143,1517428375.9813,1520545206.20063,0,,143,14
144,1517428375.99335,1520545206.21044,0,,144,14
145,1517428376.00587,1520545206.21985,0,,145,14
146,1517428376.01887,1520545206.22918,0,,146,14
147,1517428376.03118,1520545206.23936,0,,147,14
148,1517428376.0435,1520545206.24861,0,,148,14
149,1517428376.05565,1520545206.25796,0,,149,14
150,1517428376.06784,1520545206.26753,0,,150,14
151,1517428376.08045,1520545206.27721,0,,151,14
152,1517428376.09282,1520545206.28738,0,,152,14
153,1517428376.10511,1520545206.29685,0,,153,14
154,1517428376.11719,1520545206.30617,0,,154,14
155,1517428376.12929,1520545206.31543,0,,155,14
156,1517428376.14189,1520545206.32485,0,,156,14
157,1517428376.15416,1520545206.33484,0,,157,14
158,1517428376.16647,1520545206.34428,0,,158,14
159,1517428376.17854,1520545206.35375,0,,159,14
160,1517428376.19059,1520545206.36349,0,,160,14
161,1517428376.20271,1520545206.3731,0,,161,14
162,1517428376.2151,1520545206.38252,0,,162,14
163,1517428376.22732,1520545206.392,0,,163,14
164,1517428376.23942,1520545206.4018,0,,164,14
165,1517428376.2516,1520545206.4114,0,,165,14
166,1517428376.26381,1520545206.42075,0,,166,14
167,1517428376.27627,1520545206.43004,0,,167,14
168,1517428376.28847,1520545206.43933,0,,168,14
169,1517428376.30089,1520545206.4489,0,,169,14
170,1517428376.3131,1520545206.45822,0,,170,14
171,1517428376.3253,1520545206.46742,0,,171,14
172,1517428376.33746,1520545206.4766,0,,172,14
173,1517428376.34999,1520545206.48579,0,,173,14
174,1517428376.36207,1520545206.49517,0,,174,14
175,1517428376.37415,1520545206.50457,0,,175,14
176,1517428376.38633,1520545206.51421,0,,176,14
177,1517428376.39838,1520545206.52354,0,,177,14
178,1517428376.41072,1520545206.53298,0,,178,14
179,1517428376.42276,1520545206.54357,0,,179,14
180,1517428376.43479,1520545206.55295,0,,180,14
181,1517428376.44686,1520545206.56251,0,,181,14
182,1517428376.45897,1520545206.57198,0,,182,14
183,1517428376.47688,1520545206.58615,1,,183,15
184,1517428376.48903,1520545206.59546,0,,184,15
185,1517428376.50139,1520545206.60463,0,,185,15
186,1517428376.51345,1520545206.61409,0,,186,15
187,1517428376.5255,1520545206.62367,0,,187,15
188,1517428376.53759,1520545206.63326,0,,188,15
189,1517428376.55003,1520545206.64257,0,,189,15
190,1517428376.56216,1520545206.65219,0,,190,15
191,1517428376.5742,1520545206.66212,0,,191,15
192,1517428376.5863,1520545206.67155,0,,192,15
193,1517428376.59835,1520545206.68141,0,,193,15
194,1517428376.61052,1520545206.69092,0,,194,15
195,1517428376.62306,1520545206.70009,0,,195,15
196,1517428376.63521,1520545206.70974,0,,196,15
197,1517428376.64734,1520545206.71893,0,,197,15
198,1517428376.65948,1520545206.72859,0,,198,15
199,1517428376.67153,1520545206.73773,0,,199,15
200,1517428376.68381,1520545206.74687,0,,200,15
201,1517428376.69624,1520545206.75598,0,,201,15
202,1517428376.70841,1520545206.76512,0,,202,15
203,1517428376.72055,1520545206.77458,0,,203,15
204,1517428376.7328,1520545206.78457,0,,204,15
205,1517428376.74549,1520545206.79457,0,,205,15
206,1517428376.75752,1520545206.80478,0,,206,15
207,1517428376.76967,1520545206.81476,0,,207,15
208,1517428376.78177,1520545206.82435,0,,208,15
209,1517428376.79922,1520545206.83804,1,,209,16
210,1517428376.81159,1520545206.84942,0,,210,16
211,1517428376.82429,1520545206.85897,0,,211,16
212,1517428376.8364,1520545206.86858,0,,212,16
213,1517428376.84848,1520545206.87857,0,,213,16
214,1517428376.86054,1520545206.88868,0,,214,16
215,1517428376.87267,1520545206.89851,0,,215,16
216,1517428376.88505,1520545206.90866,0,,216,16
217,1517428376.89722,1520545206.91833,0,,217,16
218,1517428376.9094,1520545206.92752,0,,218,16
219,1517428376.9215,1520545206.93759,0,,219,16
220,1517428376.93368,1520545206.94778,0,,220,16
221,1517428376.94583,1520545206.95754,0,,221,16
222,1517428376.9583,1520545206.96688,0,,222,16
223,1517428376.97035,1520545206.97702,0,,223,16
224,1517428376.98248,1520545206.98683,0,,224,16
225,1517428376.99456,1520545206.99644,0,,225,16
226,1517428377.00677,1520545207.00592,0,,226,16
227,1517428377.0191,1520545207.01534,0,,227,16
228,1517428377.03116,1520545207.02459,0,,228,16
229,1517428377.04332,1520545207.03375,0,,229,16
230,1517428377.05538,1520545207.04292,0,,230,16
231,1517428377.06749,1520545207.05217,0,,231,16
232,1517428377.07982,1520545207.06153,0,,232,16
233,1517428377.09202,1520545207.07101,0,,233,16
234,1517428377.10437,1520545207.08029,0,,234,16
235,1517428377.11678,1520545207.08947,0,,235,16
236,1517428377.129,1520545207.09875,0,,236,16
237,1517428377.14117,1520545207.10829,0,,237,16
238,1517428377.15352,1520545207.11769,0,,238,16
239,1517428377.16554,1520545207.12732,0,,239,16
240,1517428377.17756,1520545207.13709,0,,240,16
241,1517428377.18963,1520545207.14662,0,,241,16
242,1517428377.20168,1520545207.1561,0,,242,16
243,1517428377.21414,1520545207.16559,0,,243,16
244,1517428377.22634,1520545207.17482,0,,244,16
245,1517428377.23843,1520545207.18422,0,,245,16
246,1517428377.25053,1520545207.19388,0,,246,16
247,1517428377.26367,1520545207.20327,0,,247,16
248,1517428377.27579,1520545207.21299,0,,248,16
249,1517428377.28819,1520545207.22252,0,,249,16
250,1517428377.30044,1520545207.23204,0,,250,16
251,1517428377.3125,1520545207.24146,0,,251,16
252,1517428377.33056,1520545207.33827,1,,252,17
253,1517428377.34278,1520545207.34848,0,,253,17
4,1517428374.19397,1520545204.34191,0,,4,1
254,1517428377.35531,1520545207.35844,0,,254,17
255,1517428377.36737,1520545207.36829,0,,255,17
256,1517428377.37957,1520545207.378,0,,256,17
257,1517428377.39184,1520545207.38765,0,,257,17
258,1517428377.40417,1520545207.39724,0,,258,17
259,1517428377.41652,1520545207.40701,0,,259,17
260,1517428377.42912,1520545207.41653,0,,260,17
261,1517428377.44158,1520545207.42578,0,,261,17
262,1517428377.45435,1520545207.43547,0,,262,17
263,1517428377.46672,1520545207.4449,0,,263,17
264,1517428377.47952,1520545207.45551,0,,264,17
265,1517428377.49206,1520545207.46508,0,,265,17
266,1517428377.50447,1520545207.47456,0,,266,17
267,1517428377.52231,1520545207.48833,1,,267,18
268,1517428377.53446,1520545207.49773,0,,268,18
269,1517428377.54668,1520545207.50731,0,,269,18
270,1517428377.55896,1520545207.5167,0,,270,18
271,1517428377.57108,1520545207.52652,0,,271,18
272,1517428377.58351,1520545207.53566,0,,272,18
273,1517428377.59562,1520545207.54488,0,,273,18
274,1517428377.60776,1520545207.55416,0,,274,18
275,1517428377.61998,1520545207.56334,0,,275,18
276,1517428377.63218,1520545207.57286,0,,276,18
277,1517428377.6444,1520545207.58229,0,,277,18
278,1517428377.6569,1520545207.59149,0,,278,18
279,1517428377.66907,1520545207.60137,0,,279,18
280,1517428377.68123,1520545207.61099,0,,280,18
281,1517428377.69338,1520545207.62052,0,,281,18
282,1517428377.70558,1520545207.63046,0,,282,18
283,1517428377.71798,1520545207.63976,0,,283,18
284,1517428377.73046,1520545207.64969,0,,284,18
285,1517428377.74254,1520545207.65932,0,,285,18
286,1517428377.7546,1520545207.66877,0,,286,18
287,1517428377.76669,1520545207.67818,0,,287,18
288,1517428377.77882,1520545207.68751,0,,288,18
289,1517428377.79154,1520545207.69671,0,,289,18
290,1517428377.8036,1520545207.70602,0,,290,18
291,1517428377.81569,1520545207.71541,0,,291,18
292,1517428377.82777,1520545207.72498,0,,292,18
293,1517428377.84003,1520545207.82339,0,,293,18
294,1517428377.85241,1520545207.83265,0,,294,18
295,1517428377.86455,1520545207.842,0,,295,18
296,1517428377.87658,1520545207.85127,0,,296,18
297,1517428377.8887,1520545207.86068,0,,297,18
298,1517428377.90117,1520545207.87022,0,,298,18
299,1517428377.91352,1520545207.87952,0,,299,18
300,1517428377.92557,1520545207.88905,0,,300,18
301,1517428377.93763,1520545207.89844,0,,301,18
302,1517428377.94969,1520545207.90792,0,,302,18
303,1517428377.96181,1520545207.91743,0,,303,18
304,1517428377.97412,1520545207.92687,0,,304,18
305,1517428377.98655,1520545207.93642,0,,305,18
306,1517428377.99859,1520545207.94607,0,,306,18
307,1517428378.01091,1520545207.95568,0,,307,18
308,1517428378.02859,1520545207.9705,1,,308,19
309,1517428378.04631,1520545207.98398,1,,309,20
310,1517428378.05847,1520545207.99347,0,,310,20
311,1517428378.07062,1520545208.00299,0,,311,20
312,1517428378.08434,1520545208.01247,0,,312,20
313,1517428378.09649,1520545208.02182,0,,313,20
314,1517428378.10886,1520545208.03122,0,,314,20
315,1517428378.12642,1520545208.04494,1,,315,21
316,1517428378.13859,1520545208.05447,0,,316,21
317,1517428378.1508,1520545208.0645,0,,317,21
318,1517428378.16302,1520545208.0737,0,,318,21
319,1517428378.17554,1520545208.08337,0,,319,21
320,1517428378.18769,1520545208.09317,0,,320,21
321,1517428378.19977,1520545208.10277,0,,321,21
322,1517428378.21203,1520545208.11216,0,,322,21
323,1517428378.22419,1520545208.12185,0,,323,21
324,1517428378.23624,1520545208.13157,0,,324,21
325,1517428378.24863,1520545208.14117,0,,325,21
326,1517428378.26082,1520545208.15081,0,,326,21
327,1517428378.27351,1520545208.16048,0,,327,21
328,1517428378.28561,1520545208.17003,0,,328,21
329,1517428378.29806,1520545208.17956,0,,329,21
330,1517428378.31043,1520545208.18921,0,,330,21
331,1517428378.32255,1520545208.19896,0,,331,21
332,1517428378.33473,1520545208.20845,0,,332,21
333,1517428378.34689,1520545208.2178,0,,333,21
334,1517428378.35907,1520545208.22739,0,,334,21
335,1517428378.37151,1520545208.23671,0,,335,21
336,1517428378.38361,1520545208.24627,0,,336,21
337,1517428378.3957,1520545208.25596,0,,337,21
338,1517428378.4078,1520545208.26552,0,,338,21
339,1517428378.41991,1520545208.2755,0,,339,21
340,1517428378.43234,1520545208.28495,0,,340,21
341,1517428378.44448,1520545208.2943,0,,341,21
342,1517428378.45976,1520545208.30355,0,,342,21
343,1517428378.47274,1520545208.31288,0,,343,21
344,1517428378.48514,1520545208.32219,0,,344,21
345,1517428378.49722,1520545208.33152,0,,345,21
346,1517428378.51006,1520545208.34101,0,,346,21
347,1517428378.52265,1520545208.35066,0,,347,21
348,1517428378.53488,1520545208.36001,0,,348,21
349,1517428378.54708,1520545208.36958,0,,349,21
350,1517428378.55921,1520545208.37916,0,,350,21
351,1517428378.5713,1520545208.38865,0,,351,21
352,1517428378.58377,1520545208.39822,0,,352,21
353,1517428378.59595,1520545208.40757,0,,353,21
354,1517428378.60811,1520545208.41717,0,,354,21
355,1517428378.6202,1520545208.4265,0,,355,21
356,1517428378.63231,1520545208.43598,0,,356,21
357,1517428378.6447,1520545208.44628,0,,357,21
358,1517428378.65696,1520545208.45581,0,,358,21
359,1517428378.66919,1520545208.46534,0,,359,21
360,1517428378.68134,1520545208.47516,0,,360,21
361,1517428378.69343,1520545208.48474,0,,361,21
362,1517428378.70558,1520545208.49447,0,,362,21
363,1517428378.718,1520545208.50367,0,,363,21
364,1517428378.73024,1520545208.51325,0,,364,21
5,1517428374.20615,1520545204.35114,0,,5,1
365,1517428378.7474,1520545208.52269,0,,365,21
366,1517428378.75989,1520545208.5321,0,,366,21
367,1517428378.77208,1520545208.54153,0,,367,21
368,1517428378.78455,1520545208.55118,0,,368,21
369,1517428378.79674,1520545208.56069,0,,369,21
370,1517428378.8089,1520545208.57036,0,,370,21
371,1517428378.82104,1520545208.57983,0,,371,21
372,1517428378.83322,1520545208.58922,0,,372,21
373,1517428378.84548,1520545208.5984,0,,373,21
374,1517428378.8583,1520545208.60757,0,,374,21
375,1517428378.87053,1520545208.61688,0,,375,21
376,1517428378.88284,1520545208.62614,0,,376,21
377,1517428378.89518,1520545208.63543,0,,377,21
378,1517428378.90744,1520545208.64473,0,,378,21
379,1517428378.91956,1520545208.65402,0,,379,21
380,1517428378.93205,1520545208.66331,0,,380,21
381,1517428378.94421,1520545208.67254,0,,381,21
382,1517428378.95637,1520545208.68179,0,,382,21
383,1517428378.96854,1520545208.69109,0,,383,21
384,1517428378.98105,1520545208.70045,0,,384,21
385,1517428378.9935,1520545208.70976,0,,385,21
386,1517428379.00561,1520545208.71942,0,,386,21
387,1517428379.01791,1520545208.72886,0,,387,21
388,1517428379.03005,1520545208.73819,0,,388,21
389,1517428379.04222,1520545208.74744,0,,389,21
390,1517428379.05469,1520545208.75715,0,,390,21
391,1517428379.06681,1520545208.76651,0,,391,21
392,1517428379.07905,1520545208.77567,0,,392,21
393,1517428379.09116,1520545208.78529,0,,393,21
394,1517428379.1033,1520545208.79499,0,,394,21
395,1517428379.11541,1520545208.80441,0,,395,21
396,1517428379.12788,1520545208.81377,0,,396,21
397,1517428379.14012,1520545208.82304,0,,397,21
398,1517428379.15234,1520545208.83217,0,,398,21
399,1517428379.16455,1520545208.84145,0,,399,21
400,1517428379.17681,1520545208.85061,0,,400,21
401,1517428379.18917,1520545208.86002,0,,401,21
402,1517428379.20123,1520545208.86937,0,,402,21
403,1517428379.21336,1520545208.87869,0,,403,21
404,1517428379.22543,1520545208.88804,0,,404,21
405,1517428379.23749,1520545208.89756,0,,405,21
406,1517428379.24953,1520545208.90766,0,,406,21
407,1517428379.262,1520545208.91712,0,,407,21
408,1517428379.27429,1520545208.92663,0,,408,21
409,1517428379.28675,1520545208.93598,0,,409,21
410,1517428379.29907,1520545208.9455,0,,410,21
411,1517428379.31154,1520545208.95526,0,,411,21
412,1517428379.3246,1520545208.96456,0,,412,21
413,1517428379.3373,1520545208.97427,0,,413,21
414,1517428379.34991,1520545208.98349,0,,414,21
415,1517428379.36241,1520545208.99283,0,,415,21
416,1517428379.37506,1520545209.00224,0,,416,21
417,1517428379.38729,1520545209.01165,0,,417,21
418,1517428379.39947,1520545209.02081,0,,418,21
419,1517428379.41177,1520545209.02996,0,,419,21
420,1517428379.42408,1520545209.03952,0,,420,21
421,1517428379.43794,1520545209.0487,0,,421,21
422,1517428379.45138,1520545209.05793,0,,422,21
423,1517428379.46362,1520545209.06721,0,,423,21
424,1517428379.47579,1520545209.0765,0,,424,21
425,1517428379.48799,1520545209.08625,0,,425,21
426,1517428379.50058,1520545209.09627,0,,426,21
427,1517428379.51279,1520545209.10567,0,,427,21
428,1517428379.52499,1520545209.11508,0,,428,21
429,1517428379.5372,1520545209.12461,0,,429,21
430,1517428379.54933,1520545209.13391,0,,430,21
431,1517428379.56151,1520545209.14316,0,,431,21
432,1517428379.574,1520545209.15245,0,,432,21
433,1517428379.58614,1520545209.16191,0,,433,21
434,1517428379.59829,1520545209.17131,0,,434,21
435,1517428379.61044,1520545209.18057,0,,435,21
436,1517428379.62252,1520545209.1897,0,,436,21
437,1517428379.63494,1520545209.19914,0,,437,21
438,1517428379.64723,1520545209.20837,0,,438,21
439,1517428379.65943,1520545209.21742,0,,439,21
440,1517428379.67196,1520545209.22658,0,,440,21
441,1517428379.68421,1520545209.23583,0,,441,21
442,1517428379.69648,1520545209.24529,0,,442,21
443,1517428379.70875,1520545209.2545,0,,443,21
444,1517428379.72097,1520545209.26362,0,,444,21
445,1517428379.73352,1520545209.27282,0,,445,21
446,1517428379.74569,1520545209.28262,0,,446,21
447,1517428379.75781,1520545209.29256,0,,447,21
448,1517428379.76998,1520545209.30234,0,,448,21
449,1517428379.7822,1520545209.31187,0,,449,21
450,1517428379.79463,1520545209.3216,0,,450,21
451,1517428379.80679,1520545209.33209,0,,451,21
452,1517428379.81895,1520545209.34149,0,,452,21
453,1517428379.83114,1520545209.35074,0,,453,21
454,1517428379.84392,1520545209.36052,0,,454,21
455,1517428379.87137,1520545209.37025,0,,455,21
456,1517428379.88925,1520545209.38378,1,,456,22
457,1517428379.90167,1520545209.3935,0,,457,22
458,1517428379.91391,1520545209.40301,0,,458,22
459,1517428379.92642,1520545209.41241,0,,459,22
460,1517428379.93854,1520545209.42197,0,,460,22
461,1517428379.95073,1520545209.4319,0,,461,22
462,1517428379.96293,1520545209.44128,0,,462,22
463,1517428379.97553,1520545209.45068,0,,463,22
464,1517428379.98776,1520545209.46017,0,,464,22
465,1517428380.00004,1520545209.46993,0,,465,22
466,1517428380.01519,1520545209.47946,0,,466,22
467,1517428380.03042,1520545209.48923,0,,467,22
468,1517428380.0451,1520545209.49884,0,,468,22
469,1517428380.05812,1520545209.50866,0,,469,22
470,1517428380.0705,1520545209.51791,0,,470,22
471,1517428380.08317,1520545209.52732,0,,471,22
472,1517428380.09618,1520545209.53685,0,,472,22
473,1517428380.10853,1520545209.54641,0,,473,22
474,1517428380.12219,1520545209.55576,0,,474,22
475,1517428380.13595,1520545209.56578,0,,475,22
6,1517428374.2238,1520545204.46667,1,,6,2
476,1517428380.14868,1520545209.57545,0,,476,22
477,1517428380.16636,1520545209.58528,0,,477,22
478,1517428380.17899,1520545209.59484,0,,478,22
479,1517428380.19165,1520545209.60461,0,,479,22
480,1517428380.20545,1520545209.61436,0,,480,22
481,1517428380.21839,1520545209.62365,0,,481,22
482,1517428380.23111,1520545209.63323,0,,482,22
483,1517428380.24324,1520545209.64299,0,,483,22
484,1517428380.25553,1520545209.65256,0,,484,22
485,1517428380.26827,1520545209.66191,0,,485,22
486,1517428380.28059,1520545209.67138,0,,486,22
487,1517428380.29283,1520545209.68144,0,,487,22
488,1517428380.3053,1520545209.69087,0,,488,22
489,1517428380.31755,1520545209.7009,0,,489,22
490,1517428380.32967,1520545209.71047,0,,490,22
491,1517428380.3421,1520545209.72026,0,,491,22
492,1517428380.35424,1520545209.72985,0,,492,22
493,1517428380.36641,1520545209.73949,0,,493,22
494,1517428380.37868,1520545209.74888,0,,494,22
495,1517428380.39116,1520545209.75848,0,,495,22
496,1517428380.40369,1520545209.76804,0,,496,22
497,1517428380.41584,1520545209.77792,0,,497,22
498,1517428380.42828,1520545209.78761,0,,498,22
499,1517428380.44076,1520545209.797,0,,499,22
500,1517428380.4532,1520545209.80677,0,,500,22
501,1517428380.46564,1520545209.81655,0,,501,22
502,1517428380.48381,1520545209.83061,1,,502,23
503,1517428380.5017,1520545209.8445,1,,503,24
504,1517428380.51403,1520545209.85384,0,,504,24
505,1517428380.52623,1520545209.86404,0,,505,24
506,1517428380.53887,1520545209.874,0,,506,24
507,1517428380.55157,1520545209.8841,0,,507,24
508,1517428380.5645,1520545209.8942,0,,508,24
509,1517428380.57697,1520545209.90386,0,,509,24
510,1517428380.58938,1520545209.91389,0,,510,24
511,1517428380.60493,1520545209.92357,0,,511,24
512,1517428380.61829,1520545209.9333,0,,512,24
513,1517428380.63081,1520545209.9435,0,,513,24
514,1517428380.64301,1520545209.9535,0,,514,24
515,1517428380.65521,1520545209.96333,0,,515,24
516,1517428380.66739,1520545209.97356,0,,516,24
517,1517428380.67969,1520545209.98382,0,,517,24
518,1517428380.69188,1520545209.9935,0,,518,24
519,1517428380.7043,1520545210.00334,0,,519,24
520,1517428380.71672,1520545210.01266,0,,520,24
521,1517428380.72891,1520545210.02215,0,,521,24
522,1517428380.74111,1520545210.03163,0,,522,24
523,1517428380.75323,1520545210.04224,0,,523,24
524,1517428380.76533,1520545210.05161,0,,524,24
525,1517428380.77743,1520545210.0609,0,,525,24
526,1517428380.78959,1520545210.07024,0,,526,24
527,1517428380.80176,1520545210.08039,0,,527,24
528,1517428380.81449,1520545210.08991,0,,528,24
529,1517428380.82664,1520545210.09959,0,,529,24
530,1517428380.83878,1520545210.10934,0,,530,24
531,1517428380.85095,1520545210.11914,0,,531,24
532,1517428380.86317,1520545210.14294,0,,532,24
533,1517428380.87529,1520545210.15253,0,,533,24
534,1517428380.88771,1520545210.16213,0,,534,24
535,1517428380.90546,1520545210.17592,1,,535,25
536,1517428380.91793,1520545210.18597,0,,536,25
537,1517428380.93584,1520545210.19965,1,,537,26
538,1517428380.95341,1520545210.2136,1,,538,27
539,1517428380.9712,1520545210.22753,1,,539,28
540,1517428380.98352,1520545210.23744,0,,540,28
541,1517428380.9958,1520545210.24744,0,,541,28
542,1517428381.0083,1520545210.2576,0,,542,28
543,1517428381.02087,1520545210.32917,0,,543,28
544,1517428381.03332,1520545210.40363,0,,544,28
545,1517428381.04563,1520545210.41382,0,,545,28
546,1517428381.05812,1520545210.42329,0,,546,28
547,1517428381.07075,1520545210.43287,0,,547,28
548,1517428381.08302,1520545210.44261,0,,548,28
549,1517428381.0957,1520545210.45192,0,,549,28
550,1517428381.10785,1520545210.46201,0,,550,28
551,1517428381.12003,1520545210.47197,0,,551,28
552,1517428381.13794,1520545210.48604,1,,552,29
553,1517428381.15545,1520545210.50031,1,,553,30
554,1517428381.17305,1520545210.51377,1,,554,31
555,1517428381.19088,1520545210.52754,1,,555,32
556,1517428381.2031,1520545210.5369,0,,556,32
557,1517428381.2212,1520545210.55031,1,,557,33
558,1517428381.23902,1520545210.56354,1,,558,34
559,1517428381.25673,1520545210.57686,1,,559,35
560,1517428381.27423,1520545210.5911,1,,560,36
561,1517428381.29169,1520545210.60471,1,,561,37
562,1517428381.30418,1520545210.61407,0,,562,37
563,1517428381.3164,1520545210.62326,0,,563,37
564,1517428381.32854,1520545210.63274,0,,564,37
565,1517428381.34092,1520545210.64278,0,,565,37
566,1517428381.35314,1520545210.74026,0,,566,37
567,1517428381.36531,1520545210.74986,0,,567,37
568,1517428381.37777,1520545210.7593,0,,568,37
569,1517428381.39005,1520545210.76916,0,,569,37
570,1517428381.40237,1520545210.77892,0,,570,37
571,1517428381.4146,1520545210.78851,0,,571,37
572,1517428381.42676,1520545210.79799,0,,572,37
573,1517428381.43945,1520545210.80763,0,,573,37
574,1517428381.45186,1520545210.81711,0,,574,37
575,1517428381.46487,1520545210.82666,0,,575,37
576,1517428381.47811,1520545210.83656,0,,576,37
577,1517428381.49035,1520545210.84599,0,,577,37
578,1517428381.50304,1520545210.85556,0,,578,37
579,1517428381.51596,1520545210.8655,0,,579,37
580,1517428381.52847,1520545210.87537,0,,580,37
581,1517428381.54107,1520545210.88529,0,,581,37
582,1517428381.55376,1520545210.89494,0,,582,37
583,1517428381.56647,1520545210.90481,0,,583,37
584,1517428381.57996,1520545210.91476,0,,584,37
585,1517428381.59543,1520545210.92457,0,,585,37
586,1517428381.613,1520545210.93445,0,,586,37
7,1517428374.24142,1520545204.48098,1,,7,3
587,1517428381.62633,1520545210.94402,0,,587,37
588,1517428381.6392,1520545210.95386,0,,588,37
589,1517428381.65185,1520545210.96344,0,,589,37
590,1517428381.66463,1520545210.97293,0,,590,37
591,1517428381.67693,1520545210.9824,0,,591,37
592,1517428381.68915,1520545210.99192,0,,592,37
593,1517428381.70149,1520545211.00131,0,,593,37
594,1517428381.71384,1520545211.01083,0,,594,37
595,1517428381.72637,1520545211.02011,0,,595,37
596,1517428381.73851,1520545211.02933,0,,596,37
597,1517428381.75072,1520545211.0387,0,,597,37
598,1517428381.76309,1520545211.04805,0,,598,37
599,1517428381.77521,1520545211.05731,0,,599,37
600,1517428381.78771,1520545211.06685,0,,600,37
601,1517428381.80004,1520545211.07628,0,,601,37
602,1517428381.81233,1520545211.08595,0,,602,37
603,1517428381.82459,1520545211.09533,0,,603,37
604,1517428381.8368,1520545211.10467,0,,604,37
605,1517428381.84914,1520545211.11407,0,,605,37
606,1517428381.86187,1520545211.12385,0,,606,37
607,1517428381.87418,1520545211.13367,0,,607,37
608,1517428381.88642,1520545211.14343,0,,608,37
609,1517428381.89869,1520545211.15323,0,,609,37
610,1517428381.91659,1520545211.16664,1,,610,38
611,1517428381.93425,1520545211.18017,1,,611,39
612,1517428381.94654,1520545211.18953,0,,612,39
613,1517428381.95894,1520545211.19929,0,,613,39
614,1517428381.97705,1520545211.21264,1,,614,40
615,1517428381.98937,1520545211.22192,0,,615,40
616,1517428382.00155,1520545211.23128,0,,616,40
617,1517428382.014,1520545211.24063,0,,617,40
618,1517428382.0262,1520545211.2503,0,,618,40
619,1517428382.03859,1520545211.26029,0,,619,40
620,1517428382.05088,1520545211.26994,0,,620,40
621,1517428382.06324,1520545211.27957,0,,621,40
622,1517428382.07556,1520545211.28901,0,,622,40
623,1517428382.08778,1520545211.29833,0,,623,40
624,1517428382.10006,1520545211.30758,0,,624,40
625,1517428382.11245,1520545211.31681,0,,625,40
626,1517428382.12469,1520545211.32633,0,,626,40
627,1517428382.13692,1520545211.33582,0,,627,40
628,1517428382.14917,1520545211.34521,0,,628,40
629,1517428382.16135,1520545211.35438,0,,629,40
630,1517428382.17367,1520545211.36417,0,,630,40
631,1517428382.18616,1520545211.37415,0,,631,40
632,1517428382.19843,1520545211.38391,0,,632,40
633,1517428382.21059,1520545211.3936,0,,633,40
634,1517428382.22285,1520545211.40338,0,,634,40
635,1517428382.23506,1520545211.41278,0,,635,40
636,1517428382.24757,1520545211.42239,0,,636,40
637,1517428382.25985,1520545211.43176,0,,637,40
638,1517428382.27225,1520545211.44127,0,,638,40
639,1517428382.28437,1520545211.45058,0,,639,40
640,1517428382.29689,1520545211.46023,0,,640,40
641,1517428382.30907,1520545211.47,0,,641,40
642,1517428382.32124,1520545211.47992,0,,642,40
643,1517428382.33335,1520545211.4893,0,,643,40
644,1517428382.34544,1520545211.4987,0,,644,40
645,1517428382.3579,1520545211.50799,0,,645,40
646,1517428382.37037,1520545211.51716,0,,646,40
647,1517428382.38259,1520545211.52638,0,,647,40
648,1517428382.4002,1520545211.55617,1,,648,41
649,1517428382.41787,1520545211.56954,1,,649,42
650,1517428382.43544,1520545211.5827,1,,650,43
651,1517428382.45289,1520545211.59962,1,,651,44
652,1517428382.4685,1520545211.6134,1,,652,44
653,1517428382.48478,1520545211.62702,1,,653,44
654,1517428382.50255,1520545211.64095,1,,654,45
655,1517428382.5202,1520545211.65454,1,,655,46
656,1517428382.53244,1520545211.66433,0,,656,46
657,1517428382.54503,1520545211.67355,0,,657,46
658,1517428382.55735,1520545211.68342,0,,658,46
659,1517428382.5696,1520545211.69335,0,,659,46
660,1517428382.58215,1520545211.70292,0,,660,46
661,1517428382.59477,1520545211.71318,0,,661,46
662,1517428382.60742,1520545211.72293,0,,662,46
663,1517428382.61968,1520545211.73252,0,,663,46
664,1517428382.63208,1520545211.74205,0,,664,46
665,1517428382.64435,1520545211.75176,0,,665,46
666,1517428382.65665,1520545211.76111,0,,666,46
667,1517428382.66888,1520545211.77066,0,,667,46
668,1517428382.68156,1520545211.78011,0,,668,46
669,1517428382.70444,1520545211.78994,0,,669,46
670,1517428382.71688,1520545211.79963,0,,670,46
671,1517428382.7299,1520545211.80954,0,,671,46
672,1517428382.74216,1520545211.8192,0,,672,46
673,1517428382.75455,1520545211.82862,0,,673,46
674,1517428382.76674,1520545211.83828,0,,674,46
675,1517428382.77902,1520545211.84773,0,,675,46
676,1517428382.7912,1520545211.85765,0,,676,46
677,1517428382.80341,1520545211.86727,0,,677,46
678,1517428382.81575,1520545211.87729,0,,678,46
679,1517428382.82794,1520545211.88719,0,,679,46
680,1517428382.84592,1520545211.90094,1,,680,47
681,1517428382.86343,1520545211.91442,1,,681,48
682,1517428382.88142,1520545211.92825,1,,682,49
683,1517428382.89915,1520545211.94266,1,,683,50
684,1517428382.91461,1520545211.95657,1,,684,50
685,1517428382.93234,1520545211.97118,1,,685,51
686,1517428382.94975,1520545211.9847,1,,686,52
687,1517428382.96733,1520545211.9995,1,,687,53
688,1517428382.97948,1520545212.00928,0,,688,53
689,1517428382.99229,1520545212.01933,0,,689,53
690,1517428383.00439,1520545212.02929,0,,690,53
691,1517428383.0167,1520545212.03883,0,,691,53
692,1517428383.03484,1520545212.0525,1,,692,54
693,1517428383.05283,1520545212.06666,1,,693,55
694,1517428383.07052,1520545212.0807,1,,694,56
695,1517428383.08824,1520545212.09442,1,,695,57
696,1517428383.10389,1520545212.10807,1,,696,57
697,1517428383.12156,1520545212.12166,1,,697,58
8,1517428374.25352,1520545204.4903,0,,8,3
698,1517428383.13894,1520545212.13547,1,,698,59
699,1517428383.15637,1520545212.15081,1,,699,60
700,1517428383.17436,1520545212.16469,1,,700,61
701,1517428383.18652,1520545212.17488,0,,701,61
702,1517428383.19883,1520545212.18491,0,,702,61
703,1517428383.21112,1520545212.19509,0,,703,61
704,1517428383.22329,1520545212.20528,0,,704,61
705,1517428383.23563,1520545212.21517,0,,705,61
706,1517428383.24814,1520545212.22553,0,,706,61
707,1517428383.26018,1520545212.2357,0,,707,61
708,1517428383.27235,1520545212.24535,0,,708,61
709,1517428383.28444,1520545212.25493,0,,709,61
710,1517428383.29663,1520545212.26542,0,,710,61
711,1517428383.30909,1520545212.27522,0,,711,61
712,1517428383.32143,1520545212.28501,0,,712,61
713,1517428383.33364,1520545212.29476,0,,713,61
714,1517428383.34583,1520545212.38456,0,,714,61
715,1517428383.35821,1520545212.39451,0,,715,61
716,1517428383.37044,1520545212.40436,0,,716,61
717,1517428383.38288,1520545212.41412,0,,717,61
718,1517428383.39516,1520545212.42413,0,,718,61
719,1517428383.40738,1520545212.4335,0,,719,61
720,1517428383.41958,1520545212.44324,0,,720,61
721,1517428383.4318,1520545212.45275,0,,721,61
722,1517428383.44429,1520545212.46223,0,,722,61
723,1517428383.45652,1520545212.47173,0,,723,61
724,1517428383.46872,1520545212.48083,0,,724,61
725,1517428383.48115,1520545212.4903,0,,725,61
726,1517428383.49337,1520545212.49952,0,,726,61
727,1517428383.50574,1520545212.50887,0,,727,61
728,1517428383.51844,1520545212.51849,0,,728,61
729,1517428383.5307,1520545212.52784,0,,729,61
730,1517428383.54297,1520545212.53721,0,,730,61
731,1517428383.56176,1520545212.55064,1,,731,62
732,1517428383.57451,1520545212.55993,0,,732,62
733,1517428383.58666,1520545212.56937,0,,733,62
734,1517428383.59892,1520545212.57889,0,,734,62
735,1517428383.61114,1520545212.58825,0,,735,62
736,1517428383.62338,1520545212.59742,0,,736,62
737,1517428383.63573,1520545212.60656,0,,737,62
738,1517428383.64841,1520545212.61576,0,,738,62
739,1517428383.66082,1520545212.62526,0,,739,62
740,1517428383.6732,1520545212.63452,0,,740,62
741,1517428383.68547,1520545212.64384,0,,741,62
742,1517428383.69789,1520545212.65351,0,,742,62
743,1517428383.7103,1520545212.66348,0,,743,62
744,1517428383.72306,1520545212.67273,0,,744,62
745,1517428383.73552,1520545212.68191,0,,745,62
746,1517428383.74791,1520545212.69136,0,,746,62
747,1517428383.7602,1520545212.70086,0,,747,62
748,1517428383.77256,1520545212.71045,0,,748,62
749,1517428383.78495,1520545212.71986,0,,749,62
750,1517428383.79747,1520545212.72989,0,,750,62
751,1517428383.80993,1520545212.73945,0,,751,62
752,1517428383.82234,1520545212.7488,0,,752,62
753,1517428383.83476,1520545212.75822,0,,753,62
754,1517428383.84712,1520545212.7678,0,,754,62
755,1517428383.85966,1520545212.77693,0,,755,62
756,1517428383.87201,1520545212.78613,0,,756,62
757,1517428383.8844,1520545212.79524,0,,757,62
758,1517428383.89681,1520545212.80482,0,,758,62
759,1517428383.90927,1520545212.81455,0,,759,62
760,1517428383.92203,1520545212.82395,0,,760,62
761,1517428383.93447,1520545212.83344,0,,761,62
762,1517428383.94669,1520545212.84337,0,,762,62
763,1517428383.95942,1520545212.85313,0,,763,62
764,1517428383.9724,1520545212.86313,0,,764,62
765,1517428383.98461,1520545212.87261,0,,765,62
766,1517428384.00223,1520545212.88639,1,,766,63
767,1517428384.01471,1520545212.89626,0,,767,63
768,1517428384.02752,1520545212.90582,0,,768,63
769,1517428384.04013,1520545212.9155,0,,769,63
770,1517428384.05292,1520545212.92487,0,,770,63
771,1517428384.08122,1520545212.93458,0,,771,63
772,1517428384.09367,1520545212.94392,0,,772,63
773,1517428384.10623,1520545212.95324,0,,773,63
774,1517428384.11885,1520545212.96295,0,,774,63
775,1517428384.1316,1520545212.97248,0,,775,63
776,1517428384.14459,1520545213.06827,0,,776,63
777,1517428384.15707,1520545213.07766,0,,777,63
778,1517428384.1695,1520545213.08726,0,,778,63
779,1517428384.18211,1520545213.09657,0,,779,63
780,1517428384.19468,1520545213.10585,0,,780,63
781,1517428384.20749,1520545213.11517,0,,781,63
782,1517428384.22003,1520545213.12468,0,,782,63
783,1517428384.23254,1520545213.13391,0,,783,63
784,1517428384.2455,1520545213.14343,0,,784,63
785,1517428384.258,1520545213.15302,0,,785,63
786,1517428384.27034,1520545213.16232,0,,786,63
787,1517428384.28287,1520545213.17153,0,,787,63
788,1517428384.29528,1520545213.18116,0,,788,63
789,1517428384.30755,1520545213.19079,0,,789,63
790,1517428384.31996,1520545213.20005,0,,790,63
791,1517428384.33502,1520545213.20936,0,,791,63
792,1517428384.34738,1520545213.21883,0,,792,63
793,1517428384.35985,1520545213.22825,0,,793,63
794,1517428384.37256,1520545213.23751,0,,794,63
795,1517428384.38944,1520545213.24674,0,,795,63
796,1517428384.40214,1520545213.25652,0,,796,63
797,1517428384.41428,1520545213.26633,0,,797,63
798,1517428384.42646,1520545213.27585,0,,798,63
799,1517428384.4391,1520545213.28541,0,,799,63
800,1517428384.45681,1520545213.29954,1,,800,64
801,1517428384.47467,1520545213.31294,1,,801,65
802,1517428384.48822,1520545213.32619,1,,72,65
803,1517428384.50643,1520545213.33972,1,,802,66
804,1517428384.51895,1520545213.43244,0,,803,66
805,1517428384.53694,1520545213.44611,1,,804,67
806,1517428384.55511,1520545213.45954,1,,805,68
807,1517428384.5677,1520545213.46904,0,,806,68
808,1517428384.5803,1520545213.4783,0,,807,68
9,1517428374.26596,1520545204.49965,0,,9,3
809,1517428384.5926,1520545213.48758,0,,808,68
810,1517428384.60497,1520545213.49701,0,,809,68
811,1517428384.61756,1520545213.50656,0,,810,68
812,1517428384.63032,1520545213.51583,0,,811,68
813,1517428384.64274,1520545213.52514,0,,812,68
814,1517428384.65529,1520545213.53446,0,,813,68
815,1517428384.66788,1520545213.54378,0,,814,68
816,1517428384.68009,1520545213.55309,0,,815,68
817,1517428384.6923,1520545213.56253,0,,816,68
818,1517428384.7048,1520545213.57184,0,,817,68
819,1517428384.7174,1520545213.58102,0,,818,68
820,1517428384.72962,1520545213.59022,0,,819,68
821,1517428384.74186,1520545213.59944,0,,820,68
822,1517428384.75408,1520545213.60864,0,,821,68
823,1517428384.76627,1520545213.61791,0,,822,68
824,1517428384.77857,1520545213.62709,0,,823,68
825,1517428384.79081,1520545213.63619,0,,824,68
826,1517428384.80298,1520545213.64549,0,,825,68
827,1517428384.81522,1520545213.65476,0,,826,68
828,1517428384.82759,1520545213.66392,0,,827,68
829,1517428384.83984,1520545213.67321,0,,828,68
830,1517428384.86987,1520545213.6824,0,,829,68
831,1517428384.88215,1520545213.69179,0,,830,68
832,1517428384.89444,1520545213.70114,0,,831,68
833,1517428384.90687,1520545213.71042,0,,832,68
834,1517428384.91911,1520545213.71975,0,,833,68
835,1517428384.93128,1520545213.72919,0,,834,68
836,1517428384.94377,1520545213.73854,0,,835,68
837,1517428384.95595,1520545213.7481,0,,836,68
838,1517428384.96824,1520545213.75744,0,,837,68
839,1517428384.98066,1520545213.76673,0,,838,68
840,1517428384.99286,1520545213.77687,0,,839,68
841,1517428385.00543,1520545213.78656,0,,840,68
842,1517428385.0211,1520545213.79614,0,,841,68
843,1517428385.03674,1520545213.80553,0,,842,68
844,1517428385.04911,1520545213.81555,0,,843,68
845,1517428385.06135,1520545213.82504,0,,844,68
846,1517428385.07387,1520545213.83437,0,,845,68
847,1517428385.0861,1520545213.84393,0,,846,68
848,1517428385.09837,1520545213.85347,0,,847,68
849,1517428385.11061,1520545213.86314,0,,848,68
850,1517428385.12316,1520545213.87271,0,,849,68
851,1517428385.14089,1520545213.88609,1,,850,69
852,1517428385.15646,1520545213.90034,1,,851,69
853,1517428385.17412,1520545213.91441,1,,852,70
854,1517428385.18661,1520545213.92478,0,,853,70
855,1517428385.19882,1520545213.93499,0,,854,70
856,1517428385.21124,1520545213.94516,0,,855,70
857,1517428385.22353,1520545213.95533,0,,856,70
858,1517428385.23581,1520545213.96554,0,,857,70
859,1517428385.24837,1520545213.97556,0,,858,70
860,1517428385.26598,1520545213.98928,1,,859,71
861,1517428385.27821,1520545213.99943,0,,860,70
862,1517428385.29611,1520545214.01393,1,,861,72
863,1517428385.30875,1520545214.02383,0,,862,72
864,1517428385.32122,1520545214.03387,0,,863,72
865,1517428385.33351,1520545214.0438,0,,864,72
866,1517428385.34579,1520545214.05345,0,,865,72
867,1517428385.35801,1520545214.06284,0,,866,72
868,1517428385.3703,1520545214.07219,0,,867,72
869,1517428385.38269,1520545214.08166,0,,868,72
870,1517428385.3949,1520545214.0914,0,,869,72
871,1517428385.40716,1520545214.10073,0,,870,72
872,1517428385.41939,1520545214.11014,0,,871,72
873,1517428385.43159,1520545214.11971,0,,872,72
874,1517428385.44381,1520545214.12938,0,,873,72
875,1517428385.45636,1520545214.13909,0,,874,72
876,1517428385.46859,1520545214.14885,0,,875,72
877,1517428385.48642,1520545214.16303,1,,876,73
878,1517428385.5044,1520545214.17663,1,,877,74
879,1517428385.52243,1520545214.18974,1,,878,75
880,1517428385.53796,1520545214.20348,1,,879,75
881,1517428385.55346,1520545214.21772,1,,880,75
882,1517428385.57193,1520545214.23319,1,,881,76
883,1517428385.58446,1520545214.24301,0,,882,76
884,1517428385.59666,1520545214.25296,0,,883,76
885,1517428385.60886,1520545214.26309,0,,884,76
886,1517428385.62144,1520545214.27311,0,,885,76
887,1517428385.63362,1520545214.28292,0,,886,76
888,1517428385.64606,1520545214.29291,0,,887,76
889,1517428385.65844,1520545214.30273,0,,888,76
890,1517428385.67056,1520545214.31238,0,,889,76
891,1517428385.68274,1520545214.32248,0,,890,76
892,1517428385.69505,1520545214.3325,0,,891,76
893,1517428385.70764,1520545214.34179,0,,892,76
894,1517428385.71986,1520545214.35148,0,,893,76
895,1517428385.73222,1520545214.36171,0,,894,76
896,1517428385.74437,1520545214.37139,0,,895,76
897,1517428385.75648,1520545214.38081,0,,896,76
898,1517428385.76897,1520545214.39058,0,,897,76
899,1517428385.78134,1520545214.40017,0,,898,76
900,1517428385.79346,1520545214.41005,0,,899,76
901,1517428385.80554,1520545214.41987,0,,900,76
902,1517428385.81766,1520545214.42981,0,,901,76
903,1517428385.82995,1520545214.43938,0,,902,76
904,1517428385.84234,1520545214.44954,0,,903,76
905,1517428385.85468,1520545214.4599,0,,904,76
906,1517428385.8669,1520545214.4695,0,,905,76
907,1517428385.87919,1520545214.4795,0,,906,76
908,1517428385.89149,1520545214.48914,0,,907,76
909,1517428385.90407,1520545214.49862,0,,908,76
910,1517428385.91622,1520545214.50861,0,,909,76
911,1517428385.9285,1520545214.51777,0,,910,76
912,1517428385.94082,1520545214.52726,0,,911,76
913,1517428385.95317,1520545214.53656,0,,912,76
914,1517428385.96548,1520545214.54578,0,,913,76
915,1517428385.97814,1520545214.55504,0,,914,76
916,1517428385.99034,1520545214.56469,0,,915,76
917,1517428386.00254,1520545214.57424,0,,916,76
918,1517428386.02236,1520545214.58401,0,,917,76
919,1517428386.03881,1520545214.59378,0,,918,76
10,1517428374.28474,1520545204.51293,1,,10,4
920,1517428386.05193,1520545214.60396,0,,919,76
921,1517428386.0645,1520545214.61374,0,,920,76
922,1517428386.07684,1520545214.62292,0,,921,76
923,1517428386.08915,1520545214.63231,0,,922,76
924,1517428386.10154,1520545214.64177,0,,923,76
925,1517428386.11938,1520545214.65503,1,,924,77
926,1517428386.13169,1520545214.66531,0,,925,77
927,1517428386.14403,1520545214.67482,0,,926,77
928,1517428386.15628,1520545214.68427,0,,927,77
929,1517428386.16845,1520545214.69365,0,,928,77
930,1517428386.18637,1520545214.70692,1,,929,78
931,1517428386.19861,1520545214.71633,0,,930,78
932,1517428386.21091,1520545214.72562,0,,931,78
933,1517428386.22328,1520545214.7349,0,,932,78
934,1517428386.23556,1520545214.74454,0,,933,78
935,1517428386.24816,1520545214.75401,0,,934,78
936,1517428386.26042,1520545214.76398,0,,935,78
937,1517428386.27271,1520545214.77321,0,,936,78
938,1517428386.28512,1520545214.78277,0,,937,78
939,1517428386.29762,1520545214.79227,0,,938,78
940,1517428386.30995,1520545214.80178,0,,939,78
941,1517428386.32257,1520545214.81116,0,,940,78
942,1517428386.33488,1520545214.82039,0,,941,78
943,1517428386.34717,1520545214.8296,0,,942,78
944,1517428386.3602,1520545214.83877,0,,943,78
945,1517428386.37344,1520545214.84802,0,,944,78
946,1517428386.3865,1520545214.85817,0,,945,78
947,1517428386.39987,1520545214.86749,0,,946,78
948,1517428386.41319,1520545214.87708,0,,947,78
949,1517428386.42617,1520545214.88679,0,,948,78
950,1517428386.43909,1520545214.89774,0,,949,78
951,1517428386.45151,1520545214.90726,0,,950,78
952,1517428386.46414,1520545214.91678,0,,951,78
953,1517428386.47673,1520545214.92648,0,,952,78
954,1517428386.4892,1520545214.93648,0,,953,78
955,1517428386.50161,1520545214.94642,0,,954,78
956,1517428386.5139,1520545214.9563,0,,955,78
957,1517428386.52617,1520545214.9661,0,,956,78
958,1517428386.5388,1520545214.97566,0,,957,78
959,1517428386.55109,1520545214.98557,0,,958,78
960,1517428386.56332,1520545214.99598,0,,959,78
961,1517428386.57559,1520545215.00595,0,,960,78
962,1517428386.58784,1520545215.01527,0,,961,78
963,1517428386.60046,1520545215.02468,0,,962,78
964,1517428386.6127,1520545215.03516,0,,963,78
965,1517428386.62489,1520545215.04516,0,,964,78
966,1517428386.63714,1520545215.05499,0,,965,78
967,1517428386.64939,1520545215.06484,0,,966,78
968,1517428386.66161,1520545215.07439,0,,967,78
969,1517428386.67412,1520545215.08452,0,,968,78
970,1517428386.68641,1520545215.09435,0,,969,78
971,1517428386.69918,1520545215.10376,0,,970,78
972,1517428386.7114,1520545215.11423,0,,971,78
973,1517428386.7236,1520545215.1238,0,,972,78
974,1517428386.73601,1520545215.13374,0,,973,78
975,1517428386.74858,1520545215.14364,0,,974,78
976,1517428386.76083,1520545215.15346,0,,975,78
977,1517428386.77316,1520545215.16324,0,,976,78
978,1517428386.78559,1520545215.27451,0,,977,78
979,1517428386.79785,1520545215.35018,0,,978,78
980,1517428386.81016,1520545215.36034,0,,979,78
981,1517428386.82251,1520545215.3706,0,,980,78
982,1517428386.83484,1520545215.38051,0,,981,78
983,1517428386.84721,1520545215.39032,0,,982,78
984,1517428386.85941,1520545215.39999,0,,983,78
985,1517428386.87165,1520545215.40969,0,,984,78
986,1517428386.88396,1520545215.4195,0,,985,78
987,1517428386.89636,1520545215.42929,0,,986,78
988,1517428386.90865,1520545215.43926,0,,987,78
989,1517428386.92124,1520545215.44908,0,,988,78
990,1517428386.9336,1520545215.45875,0,,989,78
991,1517428386.94585,1520545215.46908,0,,990,78
992,1517428386.95805,1520545215.47903,0,,991,78
993,1517428386.97032,1520545215.48896,0,,992,78
994,1517428386.98272,1520545215.49888,0,,993,78
995,1517428386.99512,1520545215.50891,0,,994,78
996,1517428387.00759,1520545215.51916,0,,995,78
997,1517428387.02039,1520545215.52872,0,,996,78
998,1517428387.03286,1520545215.53846,0,,997,78
999,1517428387.04538,1520545215.54825,0,,998,78
1000,1517428387.0576,1520545215.55773,0,,999,78
1001,1517428387.06996,1520545215.56743,0,,1000,78
1002,1517428387.08227,1520545215.57716,0,,1001,78
1003,1517428387.09484,1520545215.5865,0,,1002,78
1004,1517428387.10696,1520545215.59571,0,,1003,78
1005,1517428387.11919,1520545215.6049,0,,1004,78
1006,1517428387.1316,1520545215.61401,0,,1005,78
1007,1517428387.14378,1520545215.62361,0,,1006,78
1008,1517428387.15621,1520545215.63357,0,,1007,78
1009,1517428387.16846,1520545215.64301,0,,1008,78
1010,1517428387.18084,1520545215.653,0,,1009,78
1011,1517428387.19309,1520545215.66265,0,,1010,78
1012,1517428387.20533,1520545215.67235,0,,1011,78
1013,1517428387.21753,1520545215.68151,0,,1012,78
1014,1517428387.2301,1520545215.69068,0,,1013,78
1015,1517428387.24241,1520545215.70034,0,,1014,78
1016,1517428387.25481,1520545215.70968,0,,1015,78
1017,1517428387.26724,1520545215.71908,0,,1016,78
1018,1517428387.27973,1520545215.72852,0,,1017,78
1019,1517428387.29238,1520545215.73818,0,,1018,78
1020,1517428387.30482,1520545215.74755,0,,1019,78
1021,1517428387.31702,1520545215.75687,0,,1020,78
1022,1517428387.32936,1520545215.76654,0,,1021,78
1023,1517428387.34193,1520545215.77619,0,,1022,78
1024,1517428387.35456,1520545215.786,0,,1023,78
1025,1517428387.36727,1520545215.79603,0,,1024,78
1026,1517428387.37965,1520545215.80601,0,,1025,78
1027,1517428387.39211,1520545215.81551,0,,1026,78
1028,1517428387.40437,1520545215.82484,0,,1027,78
1029,1517428387.41698,1520545215.83448,0,,1028,78
1030,1517428387.42923,1520545215.84416,0,,1029,78
11,1517428374.30218,1520545204.52655,1,,11,5
1031,1517428387.44175,1520545215.85402,0,,1030,78
1032,1517428387.45412,1520545215.86391,0,,1031,78
1033,1517428387.46639,1520545215.87408,0,,1032,78
1034,1517428387.47895,1520545215.88357,0,,1033,78
1035,1517428387.49129,1520545215.89314,0,,1034,78
1036,1517428387.5036,1520545215.90304,0,,1035,78
1037,1517428387.51606,1520545215.91273,0,,1036,78
1038,1517428387.52821,1520545215.92197,0,,1037,78
1039,1517428387.54048,1520545215.93172,0,,1038,78
1040,1517428387.55269,1520545215.9418,0,,1039,78
1041,1517428387.56488,1520545215.95156,0,,1040,78
1042,1517428387.57752,1520545215.96104,0,,1041,78
1043,1517428387.58986,1520545215.97092,0,,1042,78
1044,1517428387.60217,1520545215.98049,0,,1043,78
1045,1517428387.61438,1520545215.99113,0,,1044,78
1046,1517428387.6267,1520545216.00109,0,,1045,78
1047,1517428387.63896,1520545216.01105,0,,1046,78
1048,1517428387.65156,1520545216.02078,0,,1047,78
1049,1517428387.66375,1520545216.03062,0,,1048,78
1050,1517428387.67593,1520545216.04107,0,,1049,78
1051,1517428387.68816,1520545216.05167,0,,1050,78
1052,1517428387.70058,1520545216.06203,0,,1051,78
1053,1517428387.71312,1520545216.07209,0,,1052,78
1054,1517428387.72537,1520545216.08214,0,,1053,78
1055,1517428387.73773,1520545216.092,0,,1054,78
1056,1517428387.75005,1520545216.10188,0,,1055,78
1057,1517428387.76232,1520545216.11231,0,,1056,78
1058,1517428387.77451,1520545216.12212,0,,1057,78
1059,1517428387.78708,1520545216.13253,0,,1058,78
1060,1517428387.79935,1520545216.14226,0,,1059,78
1061,1517428387.81158,1520545216.15226,0,,1060,78
1062,1517428387.8238,1520545216.16221,0,,1061,78
1063,1517428387.83618,1520545216.17198,0,,1062,78
1064,1517428387.84849,1520545216.18123,0,,1063,78
1065,1517428387.86072,1520545216.19097,0,,1064,78
1066,1517428387.87294,1520545216.20068,0,,1065,78
1067,1517428387.89062,1520545216.21519,1,,1066,79
1068,1517428387.90877,1520545216.22944,1,,1067,80
1069,1517428387.92095,1520545216.23909,0,,1068,80
1070,1517428387.93331,1520545216.249,0,,1069,80
1071,1517428387.94554,1520545216.25881,0,,1070,80
1072,1517428387.95778,1520545216.26919,0,,1071,80
1073,1517428387.9701,1520545216.27904,0,,1072,80
1074,1517428387.9829,1520545216.28882,0,,1073,80
1075,1517428387.99515,1520545216.29898,0,,1074,80
1076,1517428388.00753,1520545216.39292,0,,1075,80
1077,1517428388.02001,1520545216.40246,0,,1076,80
1078,1517428388.03238,1520545216.41269,0,,1077,80
1079,1517428388.04498,1520545216.42233,0,,1078,80
1080,1517428388.0573,1520545216.43234,0,,1079,80
1081,1517428388.06959,1520545216.44178,0,,1080,80
1082,1517428388.08193,1520545216.45175,0,,1081,80
1083,1517428388.09423,1520545216.46182,0,,1082,80
1084,1517428388.10647,1520545216.47137,0,,1083,80
1085,1517428388.11883,1520545216.48058,0,,1084,80
1086,1517428388.13109,1520545216.48992,0,,1085,80
1087,1517428388.1433,1520545216.49933,0,,1086,80
1088,1517428388.1555,1520545216.50902,0,,1087,80
1089,1517428388.16774,1520545216.51843,0,,1088,80
1090,1517428388.18058,1520545216.5281,0,,1089,80
1091,1517428388.19289,1520545216.53736,0,,1090,80
1092,1517428388.20513,1520545216.54665,0,,1091,80
1093,1517428388.21736,1520545216.55609,0,,1092,80
1094,1517428388.22946,1520545216.56539,0,,1093,80
1095,1517428388.2421,1520545216.57505,0,,1094,80
1096,1517428388.25432,1520545216.58435,0,,1095,80
1097,1517428388.26655,1520545216.59356,0,,1096,80
1098,1517428388.27875,1520545216.60313,0,,1097,80
1099,1517428388.29101,1520545216.69271,0,,1098,80
1100,1517428388.30338,1520545216.70277,0,,1099,80
1101,1517428388.31593,1520545216.71228,0,,1100,80
1102,1517428388.32807,1520545216.72196,0,,1101,80
1103,1517428388.34034,1520545216.73139,0,,1102,80
1104,1517428388.35292,1520545216.74079,0,,1103,80
1105,1517428388.36509,1520545216.75015,0,,1104,80
1106,1517428388.3773,1520545216.75963,0,,1105,80
1107,1517428388.38952,1520545216.76891,0,,1106,80
1108,1517428388.40189,1520545216.77905,0,,1107,80
1109,1517428388.41441,1520545216.78848,0,,1108,80
1110,1517428388.42671,1520545216.79845,0,,1109,80
1111,1517428388.43901,1520545216.80817,0,,1110,80
1112,1517428388.45123,1520545216.81838,0,,1111,80
1113,1517428388.46349,1520545216.82816,0,,1112,80
1114,1517428388.47624,1520545216.83789,0,,1113,80
1115,1517428388.48869,1520545216.8473,0,,1114,80
1116,1517428388.50105,1520545216.85654,0,,1115,80
1117,1517428388.51352,1520545216.86643,0,,1116,80
1118,1517428388.52562,1520545216.87576,0,,1117,80
1119,1517428388.53793,1520545216.88496,0,,1118,80
1120,1517428388.55019,1520545216.89416,0,,1119,80
1121,1517428388.56243,1520545216.90331,0,,1120,80
1122,1517428388.57469,1520545216.91272,0,,1121,80
1123,1517428388.58721,1520545216.92188,0,,1122,80
1124,1517428388.59951,1520545216.93129,0,,1123,80
1125,1517428388.61716,1520545216.94458,1,,1124,81
1126,1517428388.63474,1520545216.95752,1,,1125,82
1127,1517428388.65266,1520545216.97112,1,,1126,83
1128,1517428388.67027,1520545216.98463,1,,1127,84
1129,1517428388.68782,1520545216.99863,1,,1128,85
1130,1517428388.70578,1520545217.01202,1,,1129,86
1131,1517428388.72344,1520545217.02551,1,,1130,87
1132,1517428388.74129,1520545217.03883,1,,1131,88
1133,1517428388.75892,1520545217.05191,1,,1132,89
1134,1517428388.77655,1520545217.06548,1,,1133,90
1135,1517428388.79443,1520545217.07845,1,,1134,91
1136,1517428388.81204,1520545217.09175,1,,1135,92
1137,1517428388.82956,1520545217.10511,1,,1136,93
1138,1517428388.84744,1520545217.11859,1,,1137,94
1139,1517428388.86593,1520545217.13212,1,,1138,95
1140,1517428388.88359,1520545217.14541,1,,1139,96
1141,1517428388.90158,1520545217.15879,1,,1140,97
12,1517428374.3143,1520545204.53604,0,,12,5
1142,1517428388.91929,1520545217.17228,1,,1141,98
1143,1517428388.93687,1520545217.18601,1,,1142,99
1144,1517428388.95483,1520545217.19949,1,,1143,100
1145,1517428388.97258,1520545217.21308,1,,1144,101
1146,1517428388.99034,1520545217.22683,1,,1145,102
1147,1517428389.00825,1520545217.24059,1,,1146,103
1148,1517428389.02599,1520545217.25419,1,,1147,104
1149,1517428389.0436,1520545217.26793,1,,1148,105
1150,1517428389.06155,1520545217.28084,1,,1149,106
1151,1517428389.07378,1520545217.2901,0,,1150,106
1152,1517428389.09156,1520545217.30296,1,,1151,107
1153,1517428389.1092,1520545217.31583,1,,1152,108
1154,1517428389.12718,1520545217.32902,1,,1153,109
1155,1517428389.14485,1520545217.34269,1,,1154,110
1156,1517428389.16263,1520545217.35668,1,,1155,111
1157,1517428389.18056,1520545217.37071,1,,1156,112
1158,1517428389.19814,1520545217.38485,1,,1157,113
1159,1517428389.21572,1520545217.39957,1,,1158,114
1160,1517428389.23362,1520545217.4136,1,,1159,115
1161,1517428389.25124,1520545217.42777,1,,1160,116
1162,1517428389.26889,1520545217.44229,1,,1161,117
1163,1517428389.28696,1520545217.45667,1,,1162,118
1164,1517428389.30477,1520545217.47095,1,,1163,119
1165,1517428389.32255,1520545217.48518,1,,1164,120
1166,1517428389.34068,1520545217.49901,1,,1165,121
1167,1517428389.3583,1520545217.51257,1,,1166,122
1168,1517428389.37631,1520545217.52689,1,,1167,123
1169,1517428389.39391,1520545217.54113,1,,1168,124
1170,1517428389.41178,1520545217.5551,1,,1169,125
1171,1517428389.42402,1520545217.56447,0,,1170,125
1172,1517428389.43634,1520545217.57448,0,,1171,125
1173,1517428389.45427,1520545217.5884,1,,1172,126
1174,1517428389.46685,1520545217.59815,0,,1173,126
1175,1517428389.47915,1520545217.60754,0,,1174,126
1176,1517428389.49159,1520545217.61722,0,,1175,126
1177,1517428389.50393,1520545217.62682,0,,1176,126
1178,1517428389.51616,1520545217.63618,0,,1177,126
1179,1517428389.52867,1520545217.64538,0,,1178,126
1180,1517428389.54098,1520545217.65467,0,,1179,126
1181,1517428389.55332,1520545217.66425,0,,1180,126
1182,1517428389.56549,1520545217.67386,0,,1181,126
1183,1517428389.57785,1520545217.68305,0,,1182,126
1184,1517428389.59013,1520545217.69239,0,,1183,126
1185,1517428389.60259,1520545217.7018,0,,1184,126
1186,1517428389.61486,1520545217.71144,0,,1185,126
1187,1517428389.62718,1520545217.72067,0,,1186,126
1188,1517428389.63942,1520545217.73015,0,,1187,126
1189,1517428389.65168,1520545217.73965,0,,1188,126
1190,1517428389.66431,1520545217.74926,0,,1189,126
1191,1517428389.67662,1520545217.75859,0,,1190,126
1192,1517428389.6889,1520545217.76799,0,,1191,126
1193,1517428389.70141,1520545217.77743,0,,1192,126
1194,1517428389.71365,1520545217.78694,0,,1193,126
1195,1517428389.72593,1520545217.79636,0,,1194,126
1196,1517428389.73855,1520545217.80586,0,,1195,126
1197,1517428389.75086,1520545217.81588,0,,1196,126
1198,1517428389.76317,1520545217.82559,0,,1197,126
1199,1517428389.77544,1520545217.83513,0,,1198,126
1200,1517428389.7876,1520545217.84503,0,,1199,126
1201,1517428389.80019,1520545217.85471,0,,1200,126
1202,1517428389.8125,1520545217.8642,0,,1201,126
1203,1517428389.8248,1520545217.87393,0,,1202,126
1204,1517428389.8372,1520545217.88358,0,,1203,126
1205,1517428389.86486,1520545217.89341,0,,1204,126
1206,1517428389.87759,1520545217.90298,0,,1205,126
1207,1517428389.8901,1520545217.91265,0,,1206,126
1208,1517428389.90259,1520545217.92246,0,,1207,126
1209,1517428389.91498,1520545217.93174,0,,1208,126
1210,1517428389.92728,1520545217.94122,0,,1209,126
1211,1517428389.93971,1520545217.95051,0,,1210,126
1212,1517428389.95222,1520545217.9605,0,,1211,126
1213,1517428389.96447,1520545217.96994,0,,1212,126
1214,1517428389.97696,1520545217.97928,0,,1213,126
1215,1517428389.98935,1520545217.9888,0,,1214,126
1216,1517428390.00182,1520545217.99819,0,,1215,126
1217,1517428390.01653,1520545218.00787,0,,1216,126
1218,1517428390.03434,1520545218.01766,0,,1217,126
1219,1517428390.04671,1520545218.02719,0,,1218,126
1220,1517428390.05898,1520545218.03659,0,,1219,126
1221,1517428390.0713,1520545218.04609,0,,1220,126
1222,1517428390.08362,1520545218.05538,0,,1221,126
1223,1517428390.09637,1520545218.06482,0,,1222,126
1224,1517428390.1086,1520545218.07442,0,,1223,126
1225,1517428390.12088,1520545218.08373,0,,1224,126
1226,1517428390.1333,1520545218.09312,0,,1225,126
1227,1517428390.14557,1520545218.1024,0,,1226,126
1228,1517428390.15775,1520545218.11194,0,,1227,126
1229,1517428390.17044,1520545218.12148,0,,1228,126
1230,1517428390.18279,1520545218.13078,0,,1229,126
1231,1517428390.195,1520545218.14028,0,,1230,126
1232,1517428390.20732,1520545218.1499,0,,1231,126
1233,1517428390.21954,1520545218.15945,0,,1232,126
1234,1517428390.23202,1520545218.16908,0,,1233,126
1235,1517428390.2444,1520545218.26311,0,,1234,126
1236,1517428390.25666,1520545218.2731,0,,1235,126
1237,1517428390.26893,1520545218.28259,0,,1236,126
1238,1517428390.28129,1520545218.29214,0,,1237,126
1239,1517428390.29357,1520545218.30158,0,,1238,126
1240,1517428390.30616,1520545218.31112,0,,1239,126
1241,1517428390.3184,1520545218.32053,0,,1240,126
1242,1517428390.33075,1520545218.32997,0,,1241,126
1243,1517428390.34308,1520545218.33945,0,,1242,126
1244,1517428390.35537,1520545218.349,0,,1243,126
1245,1517428390.36762,1520545218.3585,0,,1244,126
1246,1517428390.38009,1520545218.36819,0,,1245,126
1247,1517428390.3923,1520545218.37765,0,,1246,126
1248,1517428390.40454,1520545218.38725,0,,1247,126
1249,1517428390.41676,1520545218.39659,0,,1248,126
1250,1517428390.42915,1520545218.4061,0,,1249,126
1251,1517428390.44173,1520545218.41556,0,,1250,126
1252,1517428390.45413,1520545218.42511,0,,1251,126
13,1517428374.32876,1520545204.54566,0,,13,5
1253,1517428390.46633,1520545218.43456,0,,1252,126
1254,1517428390.47894,1520545218.44412,0,,1253,126
1255,1517428390.49117,1520545218.45345,0,,1254,126
1256,1517428390.50352,1520545218.46271,0,,1255,126
1257,1517428390.51629,1520545218.47179,0,,1256,126
1258,1517428390.52852,1520545218.4814,0,,1257,126
1259,1517428390.54097,1520545218.49125,0,,1258,126
1260,1517428390.55328,1520545218.50116,0,,1259,126
1261,1517428390.56555,1520545218.51045,0,,1260,126
1262,1517428390.57823,1520545218.5205,0,,1261,126
1263,1517428390.59063,1520545218.52972,0,,1262,126
1264,1517428390.60306,1520545218.53924,0,,1263,126
1265,1517428390.61544,1520545218.54907,0,,1264,126
1266,1517428390.62769,1520545218.5591,0,,1265,126
1267,1517428390.64029,1520545218.56871,0,,1266,126
1268,1517428390.65291,1520545218.57821,0,,1267,126
1269,1517428390.66512,1520545218.58785,0,,1268,126
1270,1517428390.67737,1520545218.59761,0,,1269,126
1271,1517428390.68964,1520545218.60701,0,,1270,126
1272,1517428390.70206,1520545218.61653,0,,1271,126
1273,1517428390.71434,1520545218.62615,0,,1272,126
1274,1517428390.72689,1520545218.63534,0,,1273,126
1275,1517428390.73918,1520545218.64464,0,,1274,126
1276,1517428390.75144,1520545218.65397,0,,1275,126
1277,1517428390.7637,1520545218.66334,0,,1276,126
1278,1517428390.77593,1520545218.67324,0,,1277,126
1279,1517428390.78828,1520545218.6832,0,,1278,126
1280,1517428390.80085,1520545218.69362,0,,1279,126
1281,1517428390.81312,1520545218.70303,0,,1280,126
1282,1517428390.82538,1520545218.71278,0,,1281,126
1283,1517428390.83889,1520545218.72235,0,,1282,126
1284,1517428390.85118,1520545218.73168,0,,1283,126
1285,1517428390.86369,1520545218.74084,0,,1284,126
1286,1517428390.87597,1520545218.7503,0,,1285,126
1287,1517428390.88827,1520545218.7595,0,,1286,126
1288,1517428390.90064,1520545218.76885,0,,1287,126
1289,1517428390.91302,1520545218.77834,0,,1288,126
1290,1517428390.92553,1520545218.78758,0,,1289,126
1291,1517428390.93776,1520545218.7968,0,,1290,126
1292,1517428390.95006,1520545218.8061,0,,1291,126
1293,1517428390.96231,1520545218.81539,0,,1292,126
1294,1517428390.97477,1520545218.82494,0,,1293,126
1295,1517428390.98716,1520545218.83426,0,,1294,126
1296,1517428390.99989,1520545218.8439,0,,1295,126
1297,1517428391.01233,1520545218.85354,0,,1296,126
1298,1517428391.02472,1520545218.86319,0,,1297,126
1299,1517428391.03735,1520545218.87261,0,,1298,126
1300,1517428391.0497,1520545218.88214,0,,1299,126
1301,1517428391.06212,1520545218.89165,0,,1300,126
1302,1517428391.07445,1520545218.90139,0,,1301,126
1303,1517428391.08686,1520545218.91085,0,,1302,126
1304,1517428391.09919,1520545218.92021,0,,1303,126
1305,1517428391.11167,1520545218.9297,0,,1304,126
1306,1517428391.12389,1520545218.94021,0,,1305,126
1307,1517428391.13631,1520545218.94967,0,,1306,126
1308,1517428391.14852,1520545218.95907,0,,1307,126
1309,1517428391.16086,1520545218.96849,0,,1308,126
1310,1517428391.17345,1520545218.97798,0,,1309,126
1311,1517428391.18572,1520545219.07573,0,,1310,126
1312,1517428391.19797,1520545219.08568,0,,1311,126
1313,1517428391.2102,1520545219.09549,0,,1312,126
1314,1517428391.22245,1520545219.10497,0,,1313,126
1315,1517428391.23467,1520545219.11479,0,,1314,126
1316,1517428391.24737,1520545219.1248,0,,1315,126
1317,1517428391.25968,1520545219.13544,0,,1316,126
1318,1517428391.27192,1520545219.14501,0,,1317,126
1321,1517428391.30912,1520545219.17408,0,,1320,126
1322,1517428391.32133,1520545219.18368,0,,1321,126
1323,1517428391.33352,1520545219.19348,0,,1322,126
1324,1517428391.34611,1520545219.20296,0,,1323,126
1325,1517428391.35845,1520545219.21257,0,,1324,126
1326,1517428391.3707,1520545219.22186,0,,1325,126
1327,1517428391.38301,1520545219.23146,0,,1326,126
1328,1517428391.39524,1520545219.24081,0,,1327,126
1329,1517428391.40739,1520545219.25048,0,,1328,126
1330,1517428391.41989,1520545219.25978,0,,1329,126
1331,1517428391.43213,1520545219.26946,0,,1330,126
1332,1517428391.4443,1520545219.27889,0,,1331,126
1333,1517428391.45647,1520545219.28847,0,,1332,126
1334,1517428391.46861,1520545219.29808,0,,1333,126
1335,1517428391.48127,1520545219.30757,0,,1334,126
1336,1517428391.49361,1520545219.31767,0,,1335,126
1337,1517428391.50605,1520545219.32727,0,,1336,126
1338,1517428391.51839,1520545219.33672,0,,1337,126
1339,1517428391.53059,1520545219.34611,0,,1338,126
1340,1517428391.5433,1520545219.35545,0,,1339,126
1341,1517428391.55559,1520545219.36489,0,,1340,126
1342,1517428391.56789,1520545219.37484,0,,1341,126
1343,1517428391.5802,1520545219.385,0,,1342,126
1344,1517428391.59259,1520545219.39444,0,,1343,126
1345,1517428391.60516,1520545219.40476,0,,1344,126
1346,1517428391.61748,1520545219.41474,0,,1345,126
1347,1517428391.62975,1520545219.42428,0,,1346,126
1348,1517428391.6422,1520545219.43413,0,,1347,126
1349,1517428391.65455,1520545219.44412,0,,1348,126
1350,1517428391.66674,1520545219.45372,0,,1349,126
1351,1517428391.67923,1520545219.55191,0,,1350,126
1352,1517428391.69156,1520545219.56157,0,,1351,126
1353,1517428391.70382,1520545219.5714,0,,1352,126
1354,1517428391.71612,1520545219.58129,0,,1353,126
1355,1517428391.72833,1520545219.59085,0,,1354,126
1356,1517428391.7409,1520545219.60084,0,,1355,126
1357,1517428391.75323,1520545219.61078,0,,1356,126
1358,1517428391.76551,1520545219.62057,0,,1357,126
1359,1517428391.77785,1520545219.63032,0,,1358,126
1360,1517428391.79017,1520545219.6402,0,,1359,126
1361,1517428391.80248,1520545219.64993,0,,1360,126
1362,1517428391.81501,1520545219.65988,0,,1361,126
1363,1517428391.82735,1520545219.66944,0,,1362,126
1364,1517428391.8397,1520545219.67895,0,,1363,126
1365,1517428391.85208,1520545219.68828,0,,1364,126
14,1517428374.3462,1520545204.55882,1,,14,6
15,1517428374.36353,1520545204.57257,1,,15,7
1366,1517428391.86438,1520545219.69752,0,,1365,126
1367,1517428391.87655,1520545219.70696,0,,1366,126
1368,1517428391.88912,1520545219.71636,0,,1367,126
1369,1517428391.90164,1520545219.72563,0,,1368,126
1370,1517428391.91403,1520545219.73493,0,,1369,126
1371,1517428391.92642,1520545219.74411,0,,1370,126
1372,1517428391.93873,1520545219.75331,0,,1371,126
1373,1517428391.95174,1520545219.76247,0,,1372,126
1374,1517428391.96407,1520545219.77172,0,,1373,126
1375,1517428391.97666,1520545219.78099,0,,1374,126
1376,1517428391.98914,1520545219.7901,0,,1375,126
1377,1517428392.00161,1520545219.79924,0,,1376,126
1378,1517428392.0158,1520545219.80856,0,,1377,126
1379,1517428392.02849,1520545219.81786,0,,1378,126
1380,1517428392.04095,1520545219.82716,0,,1379,126
1381,1517428392.05347,1520545219.83637,0,,1380,126
1382,1517428392.06588,1520545219.84574,0,,1381,126
1383,1517428392.07827,1520545219.85594,0,,1382,126
1384,1517428392.09099,1520545219.86607,0,,1383,126
1385,1517428392.10339,1520545219.87599,0,,1384,126
1386,1517428392.11579,1520545219.88618,0,,1385,126
1387,1517428392.12813,1520545219.89583,0,,1386,126
1388,1517428392.14036,1520545219.90552,0,,1387,126
1389,1517428392.15283,1520545219.91525,0,,1388,126
1390,1517428392.16558,1520545219.92462,0,,1389,126
1391,1517428392.17802,1520545219.9349,0,,1390,126
1392,1517428392.1904,1520545219.94466,0,,1391,126
1393,1517428392.20284,1520545219.95465,0,,1392,126
1394,1517428392.21527,1520545219.96449,0,,1393,126
1395,1517428392.22764,1520545219.97439,0,,1394,126
1396,1517428392.24034,1520545219.98413,0,,1395,126
1397,1517428392.25285,1520545219.99405,0,,1396,126
1398,1517428392.26533,1520545220.00362,0,,1397,126
1399,1517428392.27788,1520545220.01311,0,,1398,126
1400,1517428392.29033,1520545220.02234,0,,1399,126
1401,1517428392.30307,1520545220.03184,0,,1400,126
1402,1517428392.3155,1520545220.04199,0,,1401,126
1403,1517428392.32775,1520545220.05208,0,,1402,126
1404,1517428392.34025,1520545220.06159,0,,1403,126
1405,1517428392.35266,1520545220.07146,0,,1404,126
1406,1517428392.36537,1520545220.08209,0,,1405,126
1407,1517428392.37759,1520545220.09216,0,,1406,126
1408,1517428392.38992,1520545220.10189,0,,1407,126
1409,1517428392.40259,1520545220.11201,0,,1408,126
1410,1517428392.41501,1520545220.12174,0,,1409,126
1411,1517428392.4326,1520545220.13572,1,,1410,127
1412,1517428392.45065,1520545220.14956,1,,1411,128
1413,1517428392.46304,1520545220.16049,0,,1412,128
1414,1517428392.47541,1520545220.17046,0,,1413,128
1415,1517428392.48779,1520545220.1804,0,,1414,128
1416,1517428392.50584,1520545220.19455,1,,1415,129
1417,1517428392.52357,1520545220.20788,1,,1416,130
1418,1517428392.54122,1520545220.22153,1,,1417,131
1473,1519918388.67793,1520545220.23552,1,,1469,131
1419,1517428392.55897,1520545220.2507,1,,1418,132
1420,1517428392.57689,1520545220.31071,1,,1419,133
1421,1517428392.59479,1520545220.40283,1,,1420,134
1422,1517428392.61259,1520545220.41669,1,,1421,135
1423,1517428392.63051,1520545220.43096,1,,1422,136
1474,1519918388.76734,1520545220.44677,1,,1470,136
1424,1517428392.64831,1520545220.46104,1,,1423,137
1425,1517428392.66627,1520545220.47517,1,,1424,138
1426,1517428392.68435,1520545220.48905,1,,1425,139
1427,1517428392.70255,1520545220.50339,1,,1426,140
1428,1517428392.72043,1520545220.51724,1,,1427,141
1429,1517428392.73864,1520545220.5311,1,,1428,142
1430,1517428392.75654,1520545220.54444,1,,1429,143
1431,1517428392.77458,1520545220.55819,1,,1430,144
1432,1517428392.79288,1520545220.57182,1,,1431,145
1433,1517428392.8108,1520545220.58559,1,,1432,146
1434,1517428392.82261,1520545220.59439,1,,,147
1435,1517428392.83388,1520545220.60255,1,,,148
16,1517428374.37555,1520545204.58243,0,,16,7
17,1517428374.38788,1520545204.59254,0,,17,7
18,1517428374.4,1520545204.60259,0,,18,7
19,1517428374.41217,1520545204.61215,0,,19,7
20,1517428374.42431,1520545204.62159,0,,20,7
21,1517428374.43644,1520545204.63103,0,,21,7
22,1517428374.44852,1520545204.64092,0,,22,7
23,1517428374.46092,1520545204.65087,0,,23,7
24,1517428374.47305,1520545204.66063,0,,24,7
25,1517428374.48516,1520545204.67085,0,,25,7
26,1517428374.4973,1520545204.76423,0,,26,7
27,1517428374.50936,1520545204.77366,0,,27,7
28,1517428374.52712,1520545204.78675,1,,28,8
29,1517428374.53919,1520545204.79603,0,,29,8
30,1517428374.55121,1520545204.80526,0,,30,8
31,1517428374.56331,1520545204.81444,0,,31,8
32,1517428374.57542,1520545204.82391,0,,32,8
1319,1517428391.28449,1520545219.15463,0,,1318,126
1320,1517428391.29681,1520545219.16458,0,,1319,126
1436,1517428392.8454,1520545220.61125,1,,,149
1437,1517428392.86322,1520545220.62452,1,,1433,150
1438,1517428392.87555,1520545220.63438,0,,1434,150
1439,1517428392.88788,1520545220.64407,0,,1435,150
1440,1517428392.90066,1520545220.65359,0,,1436,150
1441,1517428392.91295,1520545220.6634,0,,1437,150
1442,1517428392.92527,1520545220.67268,0,,1438,150
1443,1517428392.93749,1520545220.6825,0,,1439,150
1444,1517428392.94986,1520545220.69192,0,,1440,150
1445,1517428392.9622,1520545220.70119,0,,1441,150
1446,1517428392.97481,1520545220.71128,0,,1442,150
1447,1517428392.98713,1520545220.72064,0,,1443,150
1448,1517428392.99932,1520545220.73063,0,,1444,150
1449,1517428393.01163,1520545220.73995,0,,1445,150
1450,1517428393.02394,1520545220.74942,0,,1446,150
1451,1517428393.04206,1520545220.76295,1,,1447,151
1452,1517428393.05978,1520545220.77639,1,,1448,152
1453,1517428393.0721,1520545220.7858,0,,1449,152
1454,1517428393.08451,1520545220.79502,0,,1450,152
1455,1517428393.09706,1520545220.80438,0,,1451,152
1456,1517428393.10946,1520545220.81409,0,,1452,152
1457,1517428393.12176,1520545220.82351,0,,1453,152
1458,1517428393.1341,1520545220.8327,0,,1454,152
1459,1517428393.14642,1520545220.842,0,,1455,152
1460,1517428393.15874,1520545220.85128,0,,1456,152
1461,1517428393.17676,1520545220.86472,1,,1457,153
1462,1517428393.1946,1520545220.8784,1,,1458,154
1463,1517428393.20692,1520545220.88786,0,,1459,154
1464,1517428393.21931,1520545220.89754,0,,1460,154
1465,1517428393.23192,1520545220.90695,0,,1461,154
1466,1517428393.24964,1520545220.92052,1,,1462,155
1467,1517428393.26741,1520545220.9343,1,,1463,156
1468,1517428393.27965,1520545220.9437,0,,1464,156
1469,1517428393.29227,1520545220.95311,0,,1465,156
1470,1517428393.3048,1520545220.96258,0,,1466,156
1471,1517428393.32454,1520545220.97619,1,,1467,157
1472,1517428393.33737,1520545220.98589,0,,1468,157
